id;height;width
0;892;628
1;892;628
2;892;701
3;892;701
4;892;701
5;892;701
6;859;701
7;859;701
8;859;628
9;1059;628
10;1059;701
11;1059;701
12;816;570
13;812;607
14;1460;2420
15;1460;2420
16;1552;387
17;2952;491
18;2952;491
19;460;1372
20;460;1372
21;460;1372
22;460;1372
23;460;1372
24;617;628
25;617;628
26;617;701
27;617;701
28;617;701
29;617;701
30;555;1767
31;555;1767
32;672;613
33;684;684
34;672;598
35;622;1051
36;711;316
37;402;1347
38;402;1347
39;773;629
40;773;629
41;773;629
42;811;632
43;811;632
44;811;632
45;252;1274
46;252;1274
47;252;1274
48;252;1274
49;252;1274
50;252;1274
51;691;629
52;691;629
53;691;629
54;689;909
55;689;955
56;707;1122
57;731;1456
58;573;1935
59;611;1844
60;501;2151
61;501;2151
62;501;2151
63;245;1677
64;725;1677
65;725;1677
66;725;1677
67;673;371
68;773;419
69;420;1060
70;420;1060
71;773;1721
72;726;1879
73;811;2054
74;903;1104
75;903;1104
76;903;1104
77;866;1104
78;866;1104
79;866;1104
80;405;603
81;405;603
82;622;603
83;622;603
84;622;603
85;622;603
86;622;603
87;622;603
88;555;224
89;555;224
90;522;478
91;522;478
92;1022;978
93;1012;837
94;1012;837
95;693;2060
96;725;2036
97;673;2065
98;494;2041
99;494;2041
100;773;521
101;685;442
102;816;1994
103;780;1724
104;781;1994
105;791;1974
106;791;1974
107;505;1033
108;505;1033
109;515;1211
110;515;1211
111;515;1211
112;515;1211
113;512;633
114;663;1051
115;668;2201
116;668;2201
117;501;2151
118;501;2151
119;501;2151
120;902;457
121;520;1952
122;520;1952
123;708;2048
124;708;2048
125;722;2058
126;822;1051
127;922;1051
128;922;1051
129;722;1051
130;822;2063
131;812;2053
132;922;2063
133;515;2161
134;515;2161
135;515;2161
136;515;2161
137;515;2161
138;515;2161
139;515;2161
140;515;2161
141;504;1174
142;504;1174
143;504;1174
144;504;1174
145;504;1174
146;504;1174
147;479;1882
148;479;1882
149;522;478
150;415;1578
151;863;1411
152;322;633
153;293;1423
154;293;1423
155;338;1633
156;338;1633
157;425;1423
158;425;1423
159;793;1349
160;622;993
161;529;966
162;529;966
163;529;966
164;529;966
165;529;966
166;529;966
167;1170;1490
168;422;653
169;514;816
170;514;816
171;514;816
172;835;1227
173;414;1050
174;414;1050
175;922;313
176;922;313
177;922;313
178;922;313
179;922;313
180;318;1231
181;318;1231
182;293;1261
183;293;1261
184;358;541
185;458;811
186;333;1201
187;333;1201
188;333;1271
189;333;1271
190;343;1401
191;343;1401
192;694;354
193;724;714
194;694;864
195;1062;872
196;625;1621
197;750;1911
198;822;2065
199;822;2065
200;272;1103
201;272;1103
202;272;1103
203;272;1103
204;347;653
205;622;1003
206;673;1411
207;503;1763
208;503;1763
209;415;1578
210;768;1164
211;651;2097
212;490;2097
213;490;2097
214;272;1103
215;822;2065
216;822;2065
217;822;2065
218;822;2065
219;822;2065
220;822;2065
221;822;2065
222;822;2065
223;822;2065
224;822;2065
225;822;2065
226;822;2065
227;773;2163
228;293;1201
229;293;1201
230;343;1311
231;343;1311
232;313;1201
233;313;1201
234;323;1351
235;323;1351
236;328;1311
237;328;1311
238;313;1221
239;313;1221
240;1122;653
241;1122;653
242;522;353
243;375;1153
244;375;1153
245;422;653
246;422;653
247;522;1153
248;522;1153
249;522;1153
250;623;1411
251;479;960
252;479;960
253;460;1745
254;460;1745
255;499;1725
256;499;1725
257;499;1725
258;499;1725
259;502;828
260;506;828
261;668;1838
262;484;1805
263;484;1805
264;484;1805
265;484;1805
266;694;2070
267;522;953
268;522;953
269;522;953
270;700;2036
271;701;1260
272;950;990
273;848;1541
274;673;1855
275;701;2161
276;701;2161
277;701;2161
278;701;2161
279;701;2161
280;701;2161
281;522;975
282;522;975
283;625;1411
284;625;1411
285;522;2161
286;522;2161
287;822;2161
288;468;632
289;499;1227
290;499;1227
291;499;1227
292;499;1227
293;499;1227
294;499;1227
295;868;1032
296;722;953
297;722;953
298;722;953
299;722;953
300;480;1372
301;471;1372
302;471;1372
303;401;2064
304;401;2064
305;905;250
306;790;355
307;1072;387
308;2444;514
309;2444;514
310;2487;908
311;2487;908
312;500;1196
313;500;1196
314;500;1196
315;500;1196
316;500;1196
317;500;1196
318;725;1611
319;725;1611
320;725;1611
321;725;1611
322;725;1611
323;725;1611
324;474;996
325;500;2036
326;500;2036
327;500;2036
328;500;2036
329;700;2036
330;752;2041
331;1033;879
332;1033;879
333;1033;879
334;1033;879
335;858;209
336;1042;1001
337;1042;1001
338;1152;1081
339;878;1869
340;2680;1220
341;2680;1220
342;813;294
343;848;345
344;942;320
345;873;448
346;874;477
347;1717;349
348;1717;349
349;1033;879
350;1033;879
351;1033;879
352;1033;879
353;903;276
354;932;331
355;1033;879
356;1033;879
357;1033;879
358;1033;879
359;1260;296
360;552;390
361;552;390
362;653;1441
363;653;1441
364;652;1641
365;1033;879
366;1033;879
367;1033;879
368;1033;879
369;1033;879
370;1033;879
371;514;1741
372;514;1741
373;1552;933
374;1394;744
375;552;2083
376;1033;879
377;1033;879
378;1033;879
379;1033;879
380;1033;879
381;1033;879
382;752;2041
